{
    "unict_Baker_32": {
        "('1920', '1080')": {
            "f": 1076.5858156306927,
            "cx": 960.0,
            "cy": 540.0,
            "k1": 0.3148276404844933,
            "k2": 0.22008365647878164
        }
    },
    "unict_Scooter mechanic_31": {
        "('1440', '1080')": {
            "f": 712.8479702228467,
            "cx": 720.0,
            "cy": 540.0,
            "k1": 0.05741389893461125,
            "k2": 0.0021996554211273305
        },
        "('1920', '1080')": {
            "f": 1024.8266155770132,
            "cx": 960.0,
            "cy": 540.0,
            "k1": 0.30255376114399013,
            "k2": 0.22426695094136556
        }
    },
    "unict_Bike mechanic_34": {
        "('1440', '1080')": {
            "f": 641.6797178849386,
            "cx": 720.0,
            "cy": 540.0,
            "k1": 0.07091705016669456,
            "k2": -0.005081857490635613
        }
    },
    "unict_Carpenter_33": {
        "('1920', '1080')": {
            "f": 1084.0377843346064,
            "cx": 960.0,
            "cy": 540.0,
            "k1": 0.2565298060196828,
            "k2": 0.2984812793515851
        }
    }
}